{
  "write_latency": {
    "mean_us": 74.99673459996075,
    "median_us": 72.41399998747511,
    "stdev_us": 12.746072398881166,
    "p95_us": 102.07774999457797,
    "p99_us": 127.06282997328344,
    "min_us": 60.381000025699905,
    "max_us": 465.329999997266,
    "throughput_eps": 13333.913874171798
  },
  "hmac_overhead": {
    "mean_us": 9.38535250051018,
    "median_us": 8.981999940260721,
    "p99_us": 16.98684998018507
  },
  "replay_detection": {
    "mean_ns": 166.42340034422887,
    "median_ns": 151.99998415482696,
    "p99_ns": 341.99002016066515
  },
  "timestamp_validation": {
    "mean_ns": 317.88850023986015,
    "median_ns": 308.000039694889,
    "p99_ns": 521.0000608713017
  },
  "comparison": {
    "baseline_mean_us": 33.1235970003263,
    "forensic_mean_us": 74.5577430020603,
    "overhead_us": 41.43414600173401,
    "overhead_pct": 125.08951247452336
  }
}